<?xml version="1.0" encoding="UTF-8"?>
<root>
  <item name="androidx.camera.camera2.impl.compat.params.SessionConfigurationCompat SessionConfigurationCompat(int, java.util.List&lt;androidx.camera.camera2.impl.compat.params.OutputConfigurationCompat&gt;, java.util.concurrent.Executor, android.hardware.camera2.CameraCaptureSession.StateCallback) 0">
    <annotation name="androidx.annotation.IntDef">
      <val name="value" val="{androidx.camera.camera2.impl.compat.params.SessionConfigurationCompat.SESSION_REGULAR, androidx.camera.camera2.impl.compat.params.SessionConfigurationCompat.SESSION_HIGH_SPEED}" />
    </annotation>
  </item>
  <item name="androidx.camera.camera2.impl.compat.params.SessionConfigurationCompat int getSessionType()">
    <annotation name="androidx.annotation.IntDef">
      <val name="value" val="{androidx.camera.camera2.impl.compat.params.SessionConfigurationCompat.SESSION_REGULAR, androidx.camera.camera2.impl.compat.params.SessionConfigurationCompat.SESSION_HIGH_SPEED}" />
    </annotation>
  </item>
  <item name="androidx.camera.camera2.impl.compat.params.SessionConfigurationCompat.SessionConfigurationCompatApi28Impl SessionConfigurationCompatApi28Impl(int, java.util.List&lt;androidx.camera.camera2.impl.compat.params.OutputConfigurationCompat&gt;, java.util.concurrent.Executor, android.hardware.camera2.CameraCaptureSession.StateCallback) 0">
    <annotation name="androidx.annotation.IntDef">
      <val name="value" val="{androidx.camera.camera2.impl.compat.params.SessionConfigurationCompat.SESSION_REGULAR, androidx.camera.camera2.impl.compat.params.SessionConfigurationCompat.SESSION_HIGH_SPEED}" />
    </annotation>
  </item>
  <item name="androidx.camera.camera2.impl.compat.params.SessionConfigurationCompat.SessionConfigurationCompatBaseImpl SessionConfigurationCompatBaseImpl(int, java.util.List&lt;androidx.camera.camera2.impl.compat.params.OutputConfigurationCompat&gt;, java.util.concurrent.Executor, android.hardware.camera2.CameraCaptureSession.StateCallback) 0">
    <annotation name="androidx.annotation.IntDef">
      <val name="value" val="{androidx.camera.camera2.impl.compat.params.SessionConfigurationCompat.SESSION_REGULAR, androidx.camera.camera2.impl.compat.params.SessionConfigurationCompat.SESSION_HIGH_SPEED}" />
    </annotation>
  </item>
  <item name="androidx.camera.camera2.impl.compat.params.SessionConfigurationCompat.SessionConfigurationCompatImpl int getSessionType()">
    <annotation name="androidx.annotation.IntDef">
      <val name="value" val="{androidx.camera.camera2.impl.compat.params.SessionConfigurationCompat.SESSION_REGULAR, androidx.camera.camera2.impl.compat.params.SessionConfigurationCompat.SESSION_HIGH_SPEED}" />
    </annotation>
  </item>
  <item name="androidx.camera.camera2.impl.compat.params.SessionConfigurationCompat.SessionMode">
    <annotation name="androidx.annotation.IntDef">
      <val name="value" val="{androidx.camera.camera2.impl.compat.params.SessionConfigurationCompat.SESSION_REGULAR, androidx.camera.camera2.impl.compat.params.SessionConfigurationCompat.SESSION_HIGH_SPEED}" />
    </annotation>
  </item>
</root>

